Date,Date_Key,Year,Month,Day,Quarter,Weekday
2018-01-31 22:56:00,20180131,2018,1,31,1,Wednesday
2018-01-13 12:27:00,20180113,2018,1,13,1,Saturday
2018-01-12 23:51:00,20180112,2018,1,12,1,Friday
2016-02-24 13:57:00,20160224,2016,2,24,1,Wednesday
2016-10-25 14:39:00,20161025,2016,10,25,4,Tuesday
2016-03-30 04:37:00,20160330,2016,3,30,1,Wednesday
2016-10-30 01:31:00,20161030,2016,10,30,4,Sunday
2016-11-28 01:18:00,20161128,2016,11,28,4,Monday
2016-12-31 15:47:00,20161231,2016,12,31,4,Saturday
2015-10-25 06:24:00,20151025,2015,10,25,4,Sunday
2016-06-11 15:12:00,20160611,2016,6,11,2,Saturday
2016-08-24 21:45:00,20160824,2016,8,24,3,Wednesday
2016-04-13 10:12:00,20160413,2016,4,13,2,Wednesday
2016-05-22 14:10:00,20160522,2016,5,22,2,Sunday
2016-10-04 22:55:00,20161004,2016,10,4,4,Tuesday
2016-11-08 12:32:00,20161108,2016,11,8,4,Tuesday
2016-11-11 05:21:00,20161111,2016,11,11,4,Friday
2016-12-08 00:14:00,20161208,2016,12,8,4,Thursday
2015-07-07 05:31:00,20150707,2015,7,7,3,Tuesday
2017-07-22 07:16:00,20170722,2017,7,22,3,Saturday
2017-08-07 06:33:00,20170807,2017,8,7,3,Monday
2015-09-22 07:41:00,20150922,2015,9,22,3,Tuesday
2017-07-02 09:03:00,20170702,2017,7,2,3,Sunday
2015-09-08 12:15:00,20150908,2015,9,8,3,Tuesday
2017-08-20 07:03:00,20170820,2017,8,20,3,Sunday
2017-08-04 02:31:00,20170804,2017,8,4,3,Friday
2017-09-18 01:14:00,20170918,2017,9,18,3,Monday
2015-07-02 19:42:00,20150702,2015,7,2,3,Thursday
2015-03-28 00:55:00,20150328,2015,3,28,1,Saturday
2017-04-02 16:43:00,20170402,2017,4,2,2,Sunday
2017-05-05 14:23:00,20170505,2017,5,5,2,Friday
2015-04-25 04:44:00,20150425,2015,4,25,2,Saturday
2017-06-06 15:03:00,20170606,2017,6,6,2,Tuesday
2017-02-18 16:36:00,20170218,2017,2,18,1,Saturday
2015-04-26 03:10:00,20150426,2015,4,26,2,Sunday
2015-04-10 00:02:00,20150410,2015,4,10,2,Friday
2017-04-11 15:49:00,20170411,2017,4,11,2,Tuesday
2017-03-16 02:54:00,20170316,2017,3,16,1,Thursday
2015-03-29 10:33:00,20150329,2015,3,29,1,Sunday
2015-02-03 00:28:00,20150203,2015,2,3,1,Tuesday
2017-01-18 19:37:00,20170118,2017,1,18,1,Wednesday
2015-03-13 18:59:00,20150313,2015,3,13,1,Friday
2017-02-07 09:47:00,20170207,2017,2,7,1,Tuesday
2015-04-03 19:08:00,20150403,2015,4,3,2,Friday
2017-04-13 14:25:00,20170413,2017,4,13,2,Thursday
2015-04-02 03:33:00,20150402,2015,4,2,2,Thursday
2017-01-31 11:43:00,20170131,2017,1,31,1,Tuesday
2017-03-30 23:12:00,20170330,2017,3,30,1,Thursday
2017-03-25 23:02:00,20170325,2017,3,25,1,Saturday
2017-02-05 01:01:00,20170205,2017,2,5,1,Sunday
2017-04-15 14:04:00,20170415,2017,4,15,2,Saturday
2015-02-15 18:40:00,20150215,2015,2,15,1,Sunday
2017-05-27 16:48:00,20170527,2017,5,27,2,Saturday
2015-02-25 20:46:00,20150225,2015,2,25,1,Wednesday
2017-05-31 11:33:00,20170531,2017,5,31,2,Wednesday
2015-01-15 04:32:00,20150115,2015,1,15,1,Thursday
2017-04-26 15:16:00,20170426,2017,4,26,2,Wednesday
2017-03-07 19:12:00,20170307,2017,3,7,1,Tuesday
2017-04-20 18:47:00,20170420,2017,4,20,2,Thursday
2017-03-03 06:14:00,20170303,2017,3,3,1,Friday
2017-06-04 16:06:00,20170604,2017,6,4,2,Sunday
2017-05-16 21:33:00,20170516,2017,5,16,2,Tuesday
2015-05-27 01:32:00,20150527,2015,5,27,2,Wednesday
2017-03-28 05:20:00,20170328,2017,3,28,1,Tuesday
2017-05-02 03:00:00,20170502,2017,5,2,2,Tuesday
2017-04-03 23:53:00,20170403,2017,4,3,2,Monday
2015-04-30 23:49:00,20150430,2015,4,30,2,Thursday
2017-04-27 03:32:00,20170427,2017,4,27,2,Thursday
2015-02-02 03:27:00,20150202,2015,2,2,1,Monday
2017-02-13 16:05:00,20170213,2017,2,13,1,Monday
2017-03-19 19:53:00,20170319,2017,3,19,1,Sunday
2015-05-07 15:56:00,20150507,2015,5,7,2,Thursday
2015-04-27 11:23:00,20150427,2015,4,27,2,Monday
2017-04-14 18:06:00,20170414,2017,4,14,2,Friday
2017-06-12 05:55:00,20170612,2017,6,12,2,Monday
2017-03-26 15:30:00,20170326,2017,3,26,1,Sunday
2017-02-17 11:52:00,20170217,2017,2,17,1,Friday
2017-01-25 01:13:00,20170125,2017,1,25,1,Wednesday
2017-02-06 06:27:00,20170206,2017,2,6,1,Monday
2017-05-22 06:08:00,20170522,2017,5,22,2,Monday
2017-02-21 01:00:00,20170221,2017,2,21,1,Tuesday
2015-01-06 19:26:00,20150106,2015,1,6,1,Tuesday
2017-01-15 04:44:00,20170115,2017,1,15,1,Sunday
2016-10-28 19:23:00,20161028,2016,10,28,4,Friday
2016-09-19 13:39:00,20160919,2016,9,19,3,Monday
2016-08-25 22:16:00,20160825,2016,8,25,3,Thursday
2016-10-07 23:26:00,20161007,2016,10,7,4,Friday
2016-11-03 21:49:00,20161103,2016,11,3,4,Thursday
2017-11-03 13:05:00,20171103,2017,11,3,4,Friday
2017-10-14 11:42:00,20171014,2017,10,14,4,Saturday
2017-11-04 01:21:00,20171104,2017,11,4,4,Saturday
2017-10-16 01:12:00,20171016,2017,10,16,4,Monday
2017-10-13 03:08:00,20171013,2017,10,13,4,Friday
2017-11-02 10:06:00,20171102,2017,11,2,4,Thursday
2017-10-29 12:55:00,20171029,2017,10,29,4,Sunday
2017-10-11 06:17:00,20171011,2017,10,11,4,Wednesday
2017-10-30 01:10:00,20171030,2017,10,30,4,Monday
2017-10-10 04:21:00,20171010,2017,10,10,4,Tuesday
2017-10-26 14:51:00,20171026,2017,10,26,4,Thursday
2017-11-01 20:05:00,20171101,2017,11,1,4,Wednesday
2017-10-17 11:32:00,20171017,2017,10,17,4,Tuesday
2017-10-02 11:01:00,20171002,2017,10,2,4,Monday
2017-09-08 03:42:00,20170908,2017,9,8,3,Friday
2015-09-17 23:17:00,20150917,2015,9,17,3,Thursday
2015-10-02 07:40:00,20151002,2015,10,2,4,Friday
2017-08-08 10:13:00,20170808,2017,8,8,3,Tuesday
2015-08-17 18:35:00,20150817,2015,8,17,3,Monday
2015-09-23 09:57:00,20150923,2015,9,23,3,Wednesday
2015-10-23 08:31:00,20151023,2015,10,23,4,Friday
2015-07-11 18:49:00,20150711,2015,7,11,3,Saturday
2016-05-08 17:42:00,20160508,2016,5,8,2,Sunday
2016-04-02 19:51:00,20160402,2016,4,2,2,Saturday
2016-08-14 02:51:00,20160814,2016,8,14,3,Sunday
2016-05-18 16:38:00,20160518,2016,5,18,2,Wednesday
2016-05-05 13:40:00,20160505,2016,5,5,2,Thursday
2016-04-21 02:50:00,20160421,2016,4,21,2,Thursday
2016-07-01 08:10:00,20160701,2016,7,1,3,Friday
2016-12-17 08:48:00,20161217,2016,12,17,4,Saturday
2016-08-30 14:02:00,20160830,2016,8,30,3,Tuesday
2016-07-27 06:01:00,20160727,2016,7,27,3,Wednesday
2016-07-17 10:14:00,20160717,2016,7,17,3,Sunday
2016-07-06 10:26:00,20160706,2016,7,6,3,Wednesday
2016-09-09 22:05:00,20160909,2016,9,9,3,Friday
2016-08-26 12:38:00,20160826,2016,8,26,3,Friday
2017-01-16 22:04:00,20170116,2017,1,16,1,Monday
2016-09-28 10:19:00,20160928,2016,9,28,3,Wednesday
2016-09-03 15:26:00,20160903,2016,9,3,3,Saturday
2016-09-16 01:13:00,20160916,2016,9,16,3,Friday
2016-10-20 03:59:00,20161020,2016,10,20,4,Thursday
2017-01-07 00:11:00,20170107,2017,1,7,1,Saturday
2016-10-10 06:06:00,20161010,2016,10,10,4,Monday
2016-09-06 13:30:00,20160906,2016,9,6,3,Tuesday
2017-01-06 01:25:00,20170106,2017,1,6,1,Friday
2016-12-28 07:33:00,20161228,2016,12,28,4,Wednesday
2016-09-05 10:10:00,20160905,2016,9,5,3,Monday
2016-09-02 13:30:00,20160902,2016,9,2,3,Friday
2016-11-19 21:27:00,20161119,2016,11,19,4,Saturday
2016-09-14 05:26:00,20160914,2016,9,14,3,Wednesday
2016-11-05 09:13:00,20161105,2016,11,5,4,Saturday
2017-01-14 14:22:00,20170114,2017,1,14,1,Saturday
2016-09-17 23:07:00,20160917,2016,9,17,3,Saturday
2016-11-14 13:14:00,20161114,2016,11,14,4,Monday
2016-12-11 15:49:00,20161211,2016,12,11,4,Sunday
2016-11-22 02:00:00,20161122,2016,11,22,4,Tuesday
2016-08-31 12:06:00,20160831,2016,8,31,3,Wednesday
2016-02-16 04:09:00,20160216,2016,2,16,1,Tuesday
2015-12-31 19:27:00,20151231,2015,12,31,4,Thursday
2016-03-26 08:07:00,20160326,2016,3,26,1,Saturday
2016-01-02 00:11:00,20160102,2016,1,2,1,Saturday
2018-01-27 02:38:00,20180127,2018,1,27,1,Saturday
2016-01-03 07:22:00,20160103,2016,1,3,1,Sunday
2016-02-14 05:54:00,20160214,2016,2,14,1,Sunday
2015-11-28 01:06:00,20151128,2015,11,28,4,Saturday
2015-12-11 15:17:00,20151211,2015,12,11,4,Friday
2016-12-12 01:59:00,20161212,2016,12,12,4,Monday
2017-12-27 20:01:00,20171227,2017,12,27,4,Wednesday
2016-02-12 12:34:00,20160212,2016,2,12,1,Friday
2016-03-15 07:58:00,20160315,2016,3,15,1,Tuesday
2016-03-28 00:25:00,20160328,2016,3,28,1,Monday
2016-03-14 20:03:00,20160314,2016,3,14,1,Monday
2015-11-18 09:53:00,20151118,2015,11,18,4,Wednesday
2015-12-20 16:29:00,20151220,2015,12,20,4,Sunday
2016-09-10 05:47:00,20160910,2016,9,10,3,Saturday
2016-09-07 01:04:00,20160907,2016,9,7,3,Wednesday
2015-11-11 03:45:00,20151111,2015,11,11,4,Wednesday
2015-12-13 22:17:00,20151213,2015,12,13,4,Sunday
2016-01-07 05:57:00,20160107,2016,1,7,1,Thursday
2017-12-14 15:39:00,20171214,2017,12,14,4,Thursday
2016-03-16 10:14:00,20160316,2016,3,16,1,Wednesday
2016-02-06 02:25:00,20160206,2016,2,6,1,Saturday
2018-01-28 15:46:00,20180128,2018,1,28,1,Sunday
2015-12-18 05:59:00,20151218,2015,12,18,4,Friday
2017-01-17 12:26:00,20170117,2017,1,17,1,Tuesday
2017-12-13 20:44:00,20171213,2017,12,13,4,Wednesday
2017-12-26 18:26:00,20171226,2017,12,26,4,Tuesday
2016-01-27 12:14:00,20160127,2016,1,27,1,Wednesday
2018-01-30 11:54:00,20180130,2018,1,30,1,Tuesday
2016-11-17 04:59:00,20161117,2016,11,17,4,Thursday
2016-12-29 15:26:00,20161229,2016,12,29,4,Thursday
2016-03-10 04:59:00,20160310,2016,3,10,1,Thursday
2017-11-24 19:11:00,20171124,2017,11,24,4,Friday
2016-12-10 13:11:00,20161210,2016,12,10,4,Saturday
2016-10-26 06:25:00,20161026,2016,10,26,4,Wednesday
2016-10-19 06:36:00,20161019,2016,10,19,4,Wednesday
2016-11-06 23:24:00,20161106,2016,11,6,4,Sunday
2016-09-29 16:27:00,20160929,2016,9,29,3,Thursday
2016-11-07 10:15:00,20161107,2016,11,7,4,Monday
2016-11-12 05:10:00,20161112,2016,11,12,4,Saturday
2016-11-26 12:30:00,20161126,2016,11,26,4,Saturday
2016-12-09 22:07:00,20161209,2016,12,9,4,Friday
2016-10-02 15:55:00,20161002,2016,10,2,4,Sunday
2016-10-06 14:51:00,20161006,2016,10,6,4,Thursday
2016-12-19 09:30:00,20161219,2016,12,19,4,Monday
2016-10-11 15:22:00,20161011,2016,10,11,4,Tuesday
2016-10-27 00:59:00,20161027,2016,10,27,4,Thursday
2016-10-05 08:44:00,20161005,2016,10,5,4,Wednesday
2016-09-01 23:08:00,20160901,2016,9,1,3,Thursday
2016-12-02 06:54:00,20161202,2016,12,2,4,Friday
2016-10-08 16:15:00,20161008,2016,10,8,4,Saturday
2016-10-18 14:29:00,20161018,2016,10,18,4,Tuesday
2016-08-29 10:42:00,20160829,2016,8,29,3,Monday
2015-10-13 22:53:00,20151013,2015,10,13,4,Tuesday
2015-08-10 21:35:00,20150810,2015,8,10,3,Monday
2015-08-14 16:40:00,20150814,2015,8,14,3,Friday
2017-07-29 19:42:00,20170729,2017,7,29,3,Saturday
2017-09-05 10:32:00,20170905,2017,9,5,3,Tuesday
2017-06-28 22:43:00,20170628,2017,6,28,2,Wednesday
2015-06-15 10:27:00,20150615,2015,6,15,2,Monday
2017-07-06 23:03:00,20170706,2017,7,6,3,Thursday
2017-07-15 03:15:00,20170715,2017,7,15,3,Saturday
2017-09-13 07:01:00,20170913,2017,9,13,3,Wednesday
2015-10-03 15:33:00,20151003,2015,10,3,4,Saturday
2017-09-02 21:35:00,20170902,2017,9,2,3,Saturday
2016-11-16 10:04:00,20161116,2016,11,16,4,Wednesday
2017-03-13 21:18:00,20170313,2017,3,13,1,Monday
2017-06-01 08:13:00,20170601,2017,6,1,2,Thursday
2017-04-06 11:27:00,20170406,2017,4,6,2,Thursday
2017-01-27 02:16:00,20170127,2017,1,27,1,Friday
2015-02-12 20:36:00,20150212,2015,2,12,1,Thursday
2017-03-05 18:30:00,20170305,2017,3,5,1,Sunday
2015-04-19 04:03:00,20150419,2015,4,19,2,Sunday
2015-03-20 01:17:00,20150320,2015,3,20,1,Friday
2017-05-18 12:26:00,20170518,2017,5,18,2,Thursday
2015-02-20 11:29:00,20150220,2015,2,20,1,Friday
2015-05-04 15:04:00,20150504,2015,5,4,2,Monday
2017-02-19 07:19:00,20170219,2017,2,19,1,Sunday
2015-01-30 09:14:00,20150130,2015,1,30,1,Friday
2017-03-31 16:43:00,20170331,2017,3,31,1,Friday
2017-04-24 03:43:00,20170424,2017,4,24,2,Monday
2015-03-22 16:21:00,20150322,2015,3,22,1,Sunday
2017-02-03 05:14:00,20170203,2017,2,3,1,Friday
2015-01-27 00:39:00,20150127,2015,1,27,1,Tuesday
2017-05-30 11:22:00,20170530,2017,5,30,2,Tuesday
2015-04-09 21:35:00,20150409,2015,4,9,2,Thursday
2015-03-07 11:38:00,20150307,2015,3,7,1,Saturday
2015-05-22 07:20:00,20150522,2015,5,22,2,Friday
2017-06-07 12:25:00,20170607,2017,6,7,2,Wednesday
2017-02-16 00:50:00,20170216,2017,2,16,1,Thursday
2015-03-10 00:15:00,20150310,2015,3,10,1,Tuesday
2015-02-21 15:31:00,20150221,2015,2,21,1,Saturday
2017-03-06 09:13:00,20170306,2017,3,6,1,Monday
2015-03-25 08:49:00,20150325,2015,3,25,1,Wednesday
2015-05-16 21:00:00,20150516,2015,5,16,2,Saturday
2015-04-29 03:41:00,20150429,2015,4,29,2,Wednesday
2018-01-11 23:40:00,20180111,2018,1,11,1,Thursday
2016-12-23 21:03:00,20161223,2016,12,23,4,Friday
2016-03-18 08:50:00,20160318,2016,3,18,1,Friday
2016-02-10 09:25:00,20160210,2016,2,10,1,Wednesday
2016-04-01 20:01:00,20160401,2016,4,1,2,Friday
2015-11-19 05:51:00,20151119,2015,11,19,4,Thursday
2016-01-10 15:14:00,20160110,2016,1,10,1,Sunday
2015-11-30 02:09:00,20151130,2015,11,30,4,Monday
2016-01-31 13:38:00,20160131,2016,1,31,1,Sunday
2016-02-17 23:35:00,20160217,2016,2,17,1,Wednesday
2016-07-25 14:47:00,20160725,2016,7,25,3,Monday
2016-05-20 12:25:00,20160520,2016,5,20,2,Friday
2016-07-03 20:46:00,20160703,2016,7,3,3,Sunday
2016-08-08 03:12:00,20160808,2016,8,8,3,Monday
2016-11-20 21:38:00,20161120,2016,11,20,4,Sunday
2016-10-15 12:55:00,20161015,2016,10,15,4,Saturday
2015-07-22 17:56:00,20150722,2015,7,22,3,Wednesday
2015-09-07 04:22:00,20150907,2015,9,7,3,Monday
2015-06-24 05:21:00,20150624,2015,6,24,2,Wednesday
2017-09-24 13:08:00,20170924,2017,9,24,3,Sunday
2016-10-29 18:30:00,20161029,2016,10,29,4,Saturday
2015-07-20 11:58:00,20150720,2015,7,20,3,Monday
2016-12-25 08:26:00,20161225,2016,12,25,4,Sunday
2015-10-11 19:44:00,20151011,2015,10,11,4,Sunday
2017-04-30 03:21:00,20170430,2017,4,30,2,Sunday
2017-04-07 08:28:00,20170407,2017,4,7,2,Friday
2017-02-15 14:40:00,20170215,2017,2,15,1,Wednesday
2017-05-07 10:11:00,20170507,2017,5,7,2,Sunday
2017-04-01 06:02:00,20170401,2017,4,1,2,Saturday
2015-03-15 14:05:00,20150315,2015,3,15,1,Sunday
2017-03-21 07:37:00,20170321,2017,3,21,1,Tuesday
2017-03-01 03:05:00,20170301,2017,3,1,1,Wednesday
2015-11-07 02:22:00,20151107,2015,11,7,4,Saturday
2015-12-26 23:29:00,20151226,2015,12,26,4,Saturday
2015-12-01 14:56:00,20151201,2015,12,1,4,Tuesday
2015-11-16 16:53:00,20151116,2015,11,16,4,Monday
2015-12-19 15:58:00,20151219,2015,12,19,4,Saturday
2016-07-05 05:42:00,20160705,2016,7,5,3,Tuesday
2016-04-10 17:23:00,20160410,2016,4,10,2,Sunday
2016-06-13 10:17:00,20160613,2016,6,13,2,Monday
2016-12-07 03:12:00,20161207,2016,12,7,4,Wednesday
2015-09-16 15:24:00,20150916,2015,9,16,3,Wednesday
2015-08-19 03:10:00,20150819,2015,8,19,3,Wednesday
2015-06-27 18:29:00,20150627,2015,6,27,2,Saturday
2017-08-25 10:44:00,20170825,2017,8,25,3,Friday
2015-08-29 00:42:00,20150829,2015,8,29,3,Saturday
2015-07-30 23:31:00,20150730,2015,7,30,3,Thursday
2017-09-19 07:43:00,20170919,2017,9,19,3,Tuesday
2017-08-10 16:32:00,20170810,2017,8,10,3,Thursday
2017-09-16 00:32:00,20170916,2017,9,16,3,Saturday
2015-07-13 00:57:00,20150713,2015,7,13,3,Monday
2017-11-07 16:56:00,20171107,2017,11,7,4,Tuesday
2017-08-13 22:39:00,20170813,2017,8,13,3,Sunday
2015-08-05 13:42:00,20150805,2015,8,5,3,Wednesday
2017-11-05 14:08:00,20171105,2017,11,5,4,Sunday
2015-10-08 06:15:00,20151008,2015,10,8,4,Thursday
2015-09-20 21:00:00,20150920,2015,9,20,3,Sunday
2015-06-08 02:13:00,20150608,2015,6,8,2,Monday
2017-09-21 04:33:00,20170921,2017,9,21,3,Thursday
2017-11-06 09:03:00,20171106,2017,11,6,4,Monday
2015-09-05 11:02:00,20150905,2015,9,5,3,Saturday
2015-08-07 08:48:00,20150807,2015,8,7,3,Friday
2015-07-06 21:27:00,20150706,2015,7,6,3,Monday
2015-08-02 20:32:00,20150802,2015,8,2,3,Sunday
2015-06-10 09:56:00,20150610,2015,6,10,2,Wednesday
2017-08-15 17:24:00,20170815,2017,8,15,3,Tuesday
2015-09-18 23:06:00,20150918,2015,9,18,3,Friday
2015-09-06 02:48:00,20150906,2015,9,6,3,Sunday
2015-07-23 21:57:00,20150723,2015,7,23,3,Thursday
2015-07-18 17:14:00,20150718,2015,7,18,3,Saturday
2016-10-09 22:44:00,20161009,2016,10,9,4,Sunday
2015-07-10 11:38:00,20150710,2015,7,10,3,Friday
2015-07-04 02:32:00,20150704,2015,7,4,3,Saturday
2017-08-30 00:02:00,20170830,2017,8,30,3,Wednesday
2017-07-05 15:32:00,20170705,2017,7,5,3,Wednesday
2015-10-04 14:40:00,20151004,2015,10,4,4,Sunday
2015-10-14 05:54:00,20151014,2015,10,14,4,Wednesday
2017-08-06 23:53:00,20170806,2017,8,6,3,Sunday
2015-10-10 21:19:00,20151010,2015,10,10,4,Saturday
2015-10-21 04:19:00,20151021,2015,10,21,4,Wednesday
2015-09-24 07:41:00,20150924,2015,9,24,3,Thursday
2015-10-17 06:25:00,20151017,2015,10,17,4,Saturday
2015-06-02 10:38:00,20150602,2015,6,2,2,Tuesday
2017-08-01 12:52:00,20170801,2017,8,1,3,Tuesday
2015-08-11 21:03:00,20150811,2015,8,11,3,Tuesday
2015-07-25 06:53:00,20150725,2015,7,25,3,Saturday
2015-08-01 09:30:00,20150801,2015,8,1,3,Saturday
2015-07-05 08:19:00,20150705,2015,7,5,3,Sunday
2017-09-22 20:09:00,20170922,2017,9,22,3,Friday
2015-08-04 00:13:00,20150804,2015,8,4,3,Tuesday
2017-08-27 10:22:00,20170827,2017,8,27,3,Sunday
2017-09-15 10:10:00,20170915,2017,9,15,3,Friday
2015-09-29 09:36:00,20150929,2015,9,29,3,Tuesday
2015-09-19 09:58:00,20150919,2015,9,19,3,Saturday
2015-08-26 22:57:00,20150826,2015,8,26,3,Wednesday
2015-07-14 18:17:00,20150714,2015,7,14,3,Tuesday
2017-06-25 18:00:00,20170625,2017,6,25,2,Sunday
2017-07-03 08:10:00,20170703,2017,7,3,3,Monday
2017-09-17 08:46:00,20170917,2017,9,17,3,Sunday
2015-06-13 14:39:00,20150613,2015,6,13,2,Saturday
2016-08-28 16:50:00,20160828,2016,8,28,3,Sunday
2017-10-19 11:10:00,20171019,2017,10,19,4,Thursday
2015-08-31 13:19:00,20150831,2015,8,31,3,Monday
2015-08-16 16:40:00,20150816,2015,8,16,3,Sunday
2015-10-20 23:45:00,20151020,2015,10,20,4,Tuesday
2015-06-29 20:56:00,20150629,2015,6,29,2,Monday
2017-08-26 13:21:00,20170826,2017,8,26,3,Saturday
2017-02-20 13:05:00,20170220,2017,2,20,1,Monday
2015-03-17 05:19:00,20150317,2015,3,17,1,Tuesday
2015-05-14 03:29:00,20150514,2015,5,14,2,Thursday
2015-03-06 14:37:00,20150306,2015,3,6,1,Friday
2015-05-17 07:52:00,20150517,2015,5,17,2,Sunday
2017-05-01 05:59:00,20170501,2017,5,1,2,Monday
2015-03-04 07:16:00,20150304,2015,3,4,1,Wednesday
2017-06-14 11:53:00,20170614,2017,6,14,2,Wednesday
2017-01-24 07:21:00,20170124,2017,1,24,1,Tuesday
2017-03-18 18:18:00,20170318,2017,3,18,1,Saturday
2017-02-24 11:41:00,20170224,2017,2,24,1,Friday
2017-05-15 15:25:00,20170515,2017,5,15,2,Monday
2015-05-03 18:02:00,20150503,2015,5,3,2,Sunday
2017-06-03 02:58:00,20170603,2017,6,3,2,Saturday
2015-02-05 10:17:00,20150205,2015,2,5,1,Thursday
2017-04-12 12:29:00,20170412,2017,4,12,2,Wednesday
2015-05-28 14:41:00,20150528,2015,5,28,2,Thursday
2017-02-01 17:09:00,20170201,2017,2,1,1,Wednesday
2015-05-10 23:49:00,20150510,2015,5,10,2,Sunday
2015-01-21 05:13:00,20150121,2015,1,21,1,Wednesday
2017-05-14 13:09:00,20170514,2017,5,14,2,Sunday
2017-04-25 14:45:00,20170425,2017,4,25,2,Tuesday
2017-03-23 03:25:00,20170323,2017,3,23,1,Thursday
2015-05-08 09:27:00,20150508,2015,5,8,2,Friday
2015-01-17 02:46:00,20150117,2015,1,17,1,Saturday
2015-01-24 20:06:00,20150124,2015,1,24,1,Saturday
2015-04-01 03:22:00,20150401,2015,4,1,2,Wednesday
2015-01-09 10:50:00,20150109,2015,1,9,1,Friday
2015-04-06 04:35:00,20150406,2015,4,6,2,Monday
2015-02-22 21:38:00,20150222,2015,2,22,1,Sunday
2017-02-02 18:01:00,20170202,2017,2,2,1,Thursday
2017-05-09 17:32:00,20170509,2017,5,9,2,Tuesday
2017-02-09 08:01:00,20170209,2017,2,9,1,Thursday
2015-05-13 06:49:00,20150513,2015,5,13,2,Wednesday
2017-06-15 13:27:00,20170615,2017,6,15,2,Thursday
2016-02-09 22:54:00,20160209,2016,2,9,1,Tuesday
2015-12-23 22:37:00,20151223,2015,12,23,4,Wednesday
2016-03-25 14:57:00,20160325,2016,3,25,1,Friday
2016-01-13 16:48:00,20160113,2016,1,13,1,Wednesday
2016-03-22 12:20:00,20160322,2016,3,22,1,Tuesday
2015-11-02 12:42:00,20151102,2015,11,2,4,Monday
2016-03-09 23:44:00,20160309,2016,3,9,1,Wednesday
2015-12-15 15:58:00,20151215,2015,12,15,4,Tuesday
2016-09-27 21:00:00,20160927,2016,9,27,3,Tuesday
2016-11-29 10:14:00,20161129,2016,11,29,4,Tuesday
2015-11-06 08:09:00,20151106,2015,11,6,4,Friday
2015-12-05 00:13:00,20151205,2015,12,5,4,Saturday
2015-11-29 23:21:00,20151129,2015,11,29,4,Sunday
2016-11-18 10:04:00,20161118,2016,11,18,4,Friday
2015-12-09 22:38:00,20151209,2015,12,9,4,Wednesday
2016-02-03 17:39:00,20160203,2016,2,3,1,Wednesday
2016-02-07 05:23:00,20160207,2016,2,7,1,Sunday
2016-02-23 07:28:00,20160223,2016,2,23,1,Tuesday
2015-11-17 17:46:00,20151117,2015,11,17,4,Tuesday
2017-01-03 04:03:00,20170103,2017,1,3,1,Tuesday
2016-10-13 06:58:00,20161013,2016,10,13,4,Thursday
2016-01-16 14:10:00,20160116,2016,1,16,1,Saturday
2016-12-24 14:13:00,20161224,2016,12,24,4,Saturday
2016-11-27 17:56:00,20161127,2016,11,27,4,Sunday
2016-10-17 23:25:00,20161017,2016,10,17,4,Monday
2017-01-09 21:54:00,20170109,2017,1,9,1,Monday
2016-12-22 18:26:00,20161222,2016,12,22,4,Thursday
2016-11-30 18:27:00,20161130,2016,11,30,4,Wednesday
2016-10-22 12:23:00,20161022,2016,10,22,4,Saturday
2016-10-14 03:59:00,20161014,2016,10,14,4,Friday
2016-09-23 13:39:00,20160923,2016,9,23,3,Friday
2016-12-14 19:50:00,20161214,2016,12,14,4,Wednesday
2016-11-02 06:56:00,20161102,2016,11,2,4,Wednesday
2016-11-24 06:33:00,20161124,2016,11,24,4,Thursday
2017-07-27 05:41:00,20170727,2017,7,27,3,Thursday
2016-11-15 02:11:00,20161115,2016,11,15,4,Tuesday
2017-09-04 10:22:00,20170904,2017,9,4,3,Monday
2017-07-11 20:25:00,20170711,2017,7,11,3,Tuesday
2015-09-11 10:40:00,20150911,2015,9,11,3,Friday
2017-09-01 14:03:00,20170901,2017,9,1,3,Friday
2016-12-04 11:48:00,20161204,2016,12,4,4,Sunday
2017-07-26 11:28:00,20170726,2017,7,26,3,Wednesday
2017-07-21 21:07:00,20170721,2017,7,21,3,Friday
2015-10-07 22:33:00,20151007,2015,10,7,4,Wednesday
2017-08-11 09:21:00,20170811,2017,8,11,3,Friday
2015-08-28 21:54:00,20150828,2015,8,28,3,Friday
2015-06-22 13:25:00,20150622,2015,6,22,2,Monday
2016-12-27 09:50:00,20161227,2016,12,27,4,Tuesday
2015-08-22 17:43:00,20150822,2015,8,22,3,Saturday
2015-10-12 13:58:00,20151012,2015,10,12,4,Monday
2015-06-20 09:34:00,20150620,2015,6,20,2,Saturday
2015-06-01 13:37:00,20150601,2015,6,1,2,Monday
2017-07-10 07:38:00,20170710,2017,7,10,3,Monday
2017-07-16 04:08:00,20170716,2017,7,16,3,Sunday
2015-08-03 08:27:00,20150803,2015,8,3,3,Monday
2017-08-24 18:37:00,20170824,2017,8,24,3,Thursday
2015-08-06 20:11:00,20150806,2015,8,6,3,Thursday
2015-06-30 21:28:00,20150630,2015,6,30,2,Tuesday
2017-08-19 22:39:00,20170819,2017,8,19,3,Saturday
2017-07-31 23:33:00,20170731,2017,7,31,3,Monday
2017-08-12 05:40:00,20170812,2017,8,12,3,Saturday
2015-10-16 00:38:00,20151016,2015,10,16,4,Friday
2017-09-09 01:04:00,20170909,2017,9,9,3,Saturday
2015-09-04 03:30:00,20150904,2015,9,4,3,Friday
2015-12-28 11:34:00,20151228,2015,12,28,4,Monday
2016-01-25 07:20:00,20160125,2016,1,25,1,Monday
2018-01-26 19:16:00,20180126,2018,1,26,1,Friday
2016-02-04 08:01:00,20160204,2016,2,4,1,Thursday
2016-03-03 10:47:00,20160303,2016,3,3,1,Thursday
2016-03-24 11:38:00,20160324,2016,3,24,1,Thursday
2017-12-22 20:12:00,20171222,2017,12,22,4,Friday
2015-12-25 11:24:00,20151225,2015,12,25,4,Friday
2017-11-23 11:18:00,20171123,2017,11,23,4,Thursday
2016-01-28 02:15:00,20160128,2016,1,28,1,Thursday
2016-02-13 02:13:00,20160213,2016,2,13,1,Saturday
2016-01-18 04:43:00,20160118,2016,1,18,1,Monday
2015-12-21 21:55:00,20151221,2015,12,21,4,Monday
2016-02-02 03:28:00,20160202,2016,2,2,1,Tuesday
2015-11-09 11:28:00,20151109,2015,11,9,4,Monday
2016-01-01 15:46:00,20160101,2016,1,1,1,Friday
2015-12-14 12:18:00,20151214,2015,12,14,4,Monday
2015-11-08 15:09:00,20151108,2015,11,8,4,Sunday
2015-11-21 09:42:00,20151121,2015,11,21,4,Saturday
2016-02-05 19:03:00,20160205,2016,2,5,1,Friday
2015-12-06 15:06:00,20151206,2015,12,6,4,Sunday
2016-03-21 11:48:00,20160321,2016,3,21,1,Monday
2016-03-23 12:30:00,20160323,2016,3,23,1,Wednesday
2017-12-19 01:06:00,20171219,2017,12,19,4,Tuesday
2015-11-22 11:16:00,20151122,2015,11,22,4,Sunday
2016-12-15 13:00:00,20161215,2016,12,15,4,Thursday
2016-11-25 20:02:00,20161125,2016,11,25,4,Friday
2016-02-18 21:40:00,20160218,2016,2,18,1,Thursday
2017-01-05 08:57:00,20170105,2017,1,5,1,Thursday
2017-06-21 22:12:00,20170621,2017,6,21,2,Wednesday
2017-09-11 02:07:00,20170911,2017,9,11,3,Monday
2015-09-12 23:07:00,20150912,2015,9,12,3,Saturday
2017-07-20 08:40:00,20170720,2017,7,20,3,Thursday
2015-08-27 22:26:00,20150827,2015,8,27,3,Thursday
2017-08-31 16:19:00,20170831,2017,8,31,3,Thursday
2015-06-04 11:41:00,20150604,2015,6,4,2,Thursday
2015-10-24 04:29:00,20151024,2015,10,24,4,Saturday
2015-07-29 23:00:00,20150729,2015,7,29,3,Wednesday
2017-07-24 04:49:00,20170724,2017,7,24,3,Monday
2017-07-30 23:44:00,20170730,2017,7,30,3,Sunday
2015-09-09 11:23:00,20150909,2015,9,9,3,Wednesday
2017-09-23 20:19:00,20170923,2017,9,23,3,Saturday
2017-08-05 06:54:00,20170805,2017,8,5,3,Saturday
2015-08-25 17:32:00,20150825,2015,8,25,3,Tuesday
2015-06-16 06:25:00,20150616,2015,6,16,2,Tuesday
2015-10-19 13:04:00,20151019,2015,10,19,4,Monday
2017-06-27 20:06:00,20170627,2017,6,27,2,Tuesday
2015-06-11 18:31:00,20150611,2015,6,11,2,Thursday
2017-08-09 09:00:00,20170809,2017,8,9,3,Wednesday
2017-08-02 02:53:00,20170802,2017,8,2,3,Wednesday
2016-10-16 04:41:00,20161016,2016,10,16,4,Sunday
2015-06-03 06:58:00,20150603,2015,6,3,2,Wednesday
2017-07-17 01:09:00,20170717,2017,7,17,3,Monday
2015-09-27 06:48:00,20150927,2015,9,27,3,Sunday
2015-09-13 19:05:00,20150913,2015,9,13,3,Sunday
2017-07-25 10:15:00,20170725,2017,7,25,3,Tuesday
2017-07-13 17:37:00,20170713,2017,7,13,3,Thursday
2015-10-09 20:27:00,20151009,2015,10,9,4,Friday
2015-06-21 11:50:00,20150621,2015,6,21,2,Sunday
2015-09-02 17:52:00,20150902,2015,9,2,3,Wednesday
2017-06-19 03:17:00,20170619,2017,6,19,2,Monday
2015-07-03 00:58:00,20150703,2015,7,3,3,Friday
2015-08-23 23:29:00,20150823,2015,8,23,3,Sunday
2016-10-23 03:06:00,20161023,2016,10,23,4,Sunday
2017-06-18 03:28:00,20170618,2017,6,18,2,Sunday
2017-09-25 02:06:00,20170925,2017,9,25,3,Monday
2017-01-08 10:52:00,20170108,2017,1,8,1,Sunday
2015-07-17 11:06:00,20150717,2015,7,17,3,Friday
2017-07-23 02:53:00,20170723,2017,7,23,3,Sunday
2015-07-24 05:19:00,20150724,2015,7,24,3,Friday
2015-01-14 05:03:00,20150114,2015,1,14,1,Wednesday
2015-03-21 23:11:00,20150321,2015,3,21,1,Saturday
2017-01-20 05:57:00,20170120,2017,1,20,1,Friday
2015-01-26 14:51:00,20150126,2015,1,26,1,Monday
2015-02-04 00:39:00,20150204,2015,2,4,1,Wednesday
2015-05-30 23:47:00,20150530,2015,5,30,2,Saturday
2015-11-24 23:11:00,20151124,2015,11,24,4,Tuesday
2016-03-12 03:56:00,20160312,2016,3,12,1,Saturday
2015-12-29 18:45:00,20151229,2015,12,29,4,Tuesday
2016-03-27 23:22:00,20160327,2016,3,27,1,Sunday
2015-11-13 17:04:00,20151113,2015,11,13,4,Friday
2016-03-17 00:57:00,20160317,2016,3,17,1,Thursday
2015-10-28 14:38:00,20151028,2015,10,28,4,Wednesday
2016-02-29 21:07:00,20160229,2016,2,29,1,Monday
2016-03-13 07:37:00,20160313,2016,3,13,1,Sunday
2015-11-27 01:38:00,20151127,2015,11,27,4,Friday
2016-03-11 21:38:00,20160311,2016,3,11,1,Friday
2015-10-30 23:03:00,20151030,2015,10,30,4,Friday
2016-03-31 14:15:00,20160331,2016,3,31,1,Thursday
2016-01-30 05:24:00,20160130,2016,1,30,1,Saturday
2016-01-22 23:17:00,20160122,2016,1,22,1,Friday
2016-09-26 12:25:00,20160926,2016,9,26,3,Monday
2015-12-02 13:22:00,20151202,2015,12,2,4,Wednesday
2016-02-22 00:17:00,20160222,2016,2,22,1,Monday
2015-10-31 05:21:00,20151031,2015,10,31,4,Saturday
2015-12-16 20:21:00,20151216,2015,12,16,4,Wednesday
2015-11-03 18:29:00,20151103,2015,11,3,4,Tuesday
2016-01-09 18:34:00,20160109,2016,1,9,1,Saturday
2016-10-31 11:30:00,20161031,2016,10,31,4,Monday
2016-02-08 13:37:00,20160208,2016,2,8,1,Monday
2015-12-30 03:31:00,20151230,2015,12,30,4,Wednesday
2016-12-13 23:52:00,20161213,2016,12,13,4,Tuesday
2015-11-25 03:44:00,20151125,2015,11,25,4,Wednesday
2018-01-10 23:51:00,20180110,2018,1,10,1,Wednesday
2017-12-04 20:13:00,20171204,2017,12,4,4,Monday
2017-12-03 23:54:00,20171203,2017,12,3,4,Sunday
2015-03-02 08:19:00,20150302,2015,3,2,1,Monday
2015-02-28 00:16:00,20150228,2015,2,28,1,Saturday
2015-05-06 04:54:00,20150506,2015,5,6,2,Wednesday
2017-03-27 02:00:00,20170327,2017,3,27,1,Monday
2015-05-29 08:33:00,20150529,2015,5,29,2,Friday
2015-10-27 15:52:00,20151027,2015,10,27,4,Tuesday
2016-04-07 16:31:00,20160407,2016,4,7,2,Thursday
2016-06-28 03:05:00,20160628,2016,6,28,2,Tuesday
2016-06-26 17:27:00,20160626,2016,6,26,2,Sunday
2016-08-16 07:24:00,20160816,2016,8,16,3,Tuesday
2016-11-13 01:29:00,20161113,2016,11,13,4,Sunday
2016-10-21 18:31:00,20161021,2016,10,21,4,Friday
2016-10-24 23:35:00,20161024,2016,10,24,4,Monday
2016-09-18 12:26:00,20160918,2016,9,18,3,Sunday
2017-01-02 23:30:00,20170102,2017,1,2,1,Monday
2016-12-18 18:47:00,20161218,2016,12,18,4,Sunday
2016-10-03 22:24:00,20161003,2016,10,3,4,Monday
2016-08-27 09:18:00,20160827,2016,8,27,3,Saturday
2016-12-30 20:52:00,20161230,2016,12,30,4,Friday
2016-09-15 11:33:00,20160915,2016,9,15,3,Thursday
2017-10-27 19:55:00,20171027,2017,10,27,4,Friday
2017-08-03 13:13:00,20170803,2017,8,3,3,Thursday
2017-09-07 04:14:00,20170907,2017,9,7,3,Thursday
2017-10-06 13:28:00,20171006,2017,10,6,4,Friday
2017-10-12 09:15:00,20171012,2017,10,12,4,Thursday
2017-07-01 23:56:00,20170701,2017,7,1,3,Saturday
2017-08-17 02:41:00,20170817,2017,8,17,3,Thursday
2015-06-07 02:45:00,20150607,2015,6,7,2,Sunday
2015-10-22 03:47:00,20151022,2015,10,22,4,Thursday
2017-09-27 14:22:00,20170927,2017,9,27,3,Wednesday
2017-10-24 08:53:00,20171024,2017,10,24,4,Tuesday
2015-10-05 20:27:00,20151005,2015,10,5,4,Monday
2017-10-25 03:28:00,20171025,2017,10,25,4,Wednesday
2017-06-23 03:59:00,20170623,2017,6,23,2,Friday
2015-06-28 08:09:00,20150628,2015,6,28,2,Sunday
2015-06-26 17:37:00,20150626,2015,6,26,2,Friday
2017-07-19 16:55:00,20170719,2017,7,19,3,Wednesday
2015-08-24 04:03:00,20150824,2015,8,24,3,Monday
2017-09-29 01:03:00,20170929,2017,9,29,3,Friday
2015-06-17 18:30:00,20150617,2015,6,17,2,Wednesday
2017-10-20 01:53:00,20171020,2017,10,20,4,Friday
2017-09-14 04:45:00,20170914,2017,9,14,3,Thursday
2017-09-06 05:27:00,20170906,2017,9,6,3,Wednesday
2015-06-19 22:42:00,20150619,2015,6,19,2,Friday
2017-07-08 05:11:00,20170708,2017,7,8,3,Saturday
2015-08-20 03:21:00,20150820,2015,8,20,3,Thursday
2016-12-03 02:31:00,20161203,2016,12,3,4,Saturday
2017-06-29 00:49:00,20170629,2017,6,29,2,Thursday
2017-08-21 22:39:00,20170821,2017,8,21,3,Monday
2016-09-20 03:40:00,20160920,2016,9,20,3,Tuesday
2015-09-14 15:24:00,20150914,2015,9,14,3,Monday
2015-08-18 20:10:00,20150818,2015,8,18,3,Tuesday
2015-07-28 00:03:00,20150728,2015,7,28,3,Tuesday
2017-07-14 10:47:00,20170714,2017,7,14,3,Friday
2017-07-18 06:34:00,20170718,2017,7,18,3,Tuesday
2015-10-15 01:10:00,20151015,2015,10,15,4,Thursday
2016-11-21 18:18:00,20161121,2016,11,21,4,Monday
2015-05-31 14:09:00,20150531,2015,5,31,2,Sunday
2015-07-01 05:10:00,20150701,2015,7,1,3,Wednesday
2015-06-14 05:22:00,20150614,2015,6,14,2,Sunday
2015-09-30 20:17:00,20150930,2015,9,30,3,Wednesday
2017-07-28 12:31:00,20170728,2017,7,28,3,Friday
2015-06-09 23:46:00,20150609,2015,6,9,2,Tuesday
2015-09-25 18:01:00,20150925,2015,9,25,3,Friday
2015-09-26 09:26:00,20150926,2015,9,26,3,Saturday
2017-06-26 20:37:00,20170626,2017,6,26,2,Monday
2015-06-18 01:09:00,20150618,2015,6,18,2,Thursday
2015-07-27 04:05:00,20150727,2015,7,27,3,Monday
2017-10-05 01:23:00,20171005,2017,10,5,4,Thursday
2017-10-04 04:01:00,20171004,2017,10,4,4,Wednesday
2017-10-03 21:21:00,20171003,2017,10,3,4,Tuesday
2017-11-09 23:14:00,20171109,2017,11,9,4,Thursday
2017-11-10 04:50:00,20171110,2017,11,10,4,Friday
2017-10-08 09:16:00,20171008,2017,10,8,4,Sunday
2017-11-08 23:46:00,20171108,2017,11,8,4,Wednesday
2015-08-30 15:36:00,20150830,2015,8,30,3,Sunday
2017-06-24 02:03:00,20170624,2017,6,24,2,Saturday
2015-10-18 06:15:00,20151018,2015,10,18,4,Sunday
2017-10-22 21:30:00,20171022,2017,10,22,4,Sunday
2015-10-01 11:42:00,20151001,2015,10,1,4,Thursday
2015-08-15 16:30:00,20150815,2015,8,15,3,Saturday
2015-06-12 03:58:00,20150612,2015,6,12,2,Friday
2017-09-20 20:30:00,20170920,2017,9,20,3,Wednesday
2017-02-04 00:09:00,20170204,2017,2,4,1,Saturday
2015-01-16 16:58:00,20150116,2015,1,16,1,Friday
2017-09-03 02:29:00,20170903,2017,9,3,3,Sunday
2017-06-22 09:46:00,20170622,2017,6,22,2,Thursday
2015-06-23 10:26:00,20150623,2015,6,23,2,Tuesday
2017-08-29 00:13:00,20170829,2017,8,29,3,Tuesday
2015-07-12 22:09:00,20150712,2015,7,12,3,Sunday
2015-06-05 19:55:00,20150605,2015,6,5,2,Friday
2015-07-21 06:54:00,20150721,2015,7,21,3,Tuesday
2015-08-09 02:08:00,20150809,2015,8,9,3,Sunday
2015-09-03 23:39:00,20150903,2015,9,3,3,Thursday
2015-08-08 13:31:00,20150808,2015,8,8,3,Saturday
2017-08-28 02:50:00,20170828,2017,8,28,3,Monday
2015-07-31 06:32:00,20150731,2015,7,31,3,Friday
2015-08-13 11:56:00,20150813,2015,8,13,3,Thursday
2015-07-26 23:11:00,20150726,2015,7,26,3,Sunday
2017-10-01 08:45:00,20171001,2017,10,1,4,Sunday
2016-11-23 08:08:00,20161123,2016,11,23,4,Wednesday
2015-09-21 00:30:00,20150921,2015,9,21,3,Monday
2017-01-12 01:24:00,20170112,2017,1,12,1,Thursday
2017-06-30 21:40:00,20170630,2017,6,30,2,Friday
2017-08-18 21:46:00,20170818,2017,8,18,3,Friday
2015-08-12 00:12:00,20150812,2015,8,12,3,Wednesday
2015-01-18 07:09:00,20150118,2015,1,18,1,Sunday
2017-04-19 01:06:00,20170419,2017,4,19,2,Wednesday
2015-01-11 18:12:00,20150111,2015,1,11,1,Sunday
2017-04-04 09:42:00,20170404,2017,4,4,2,Tuesday
2016-09-30 11:22:00,20160930,2016,9,30,3,Friday
2016-03-19 13:55:00,20160319,2016,3,19,1,Saturday
2016-02-20 03:47:00,20160220,2016,2,20,1,Saturday
2016-03-01 23:03:00,20160301,2016,3,1,1,Tuesday
2016-02-25 19:01:00,20160225,2016,2,25,1,Thursday
2015-11-12 15:30:00,20151112,2015,11,12,4,Thursday
2015-12-08 06:00:00,20151208,2015,12,8,4,Tuesday
2016-12-06 13:12:00,20161206,2016,12,6,4,Tuesday
2016-02-26 08:41:00,20160226,2016,2,26,1,Friday
2016-02-11 14:50:00,20160211,2016,2,11,1,Thursday
2016-01-21 09:26:00,20160121,2016,1,21,1,Thursday
2016-02-19 14:08:00,20160219,2016,2,19,1,Friday
2015-12-12 18:36:00,20151212,2015,12,12,4,Saturday
2016-12-26 09:19:00,20161226,2016,12,26,4,Monday
2015-11-23 16:00:00,20151123,2015,11,23,4,Monday
2015-11-15 18:07:00,20151115,2015,11,15,4,Sunday
2016-01-14 16:17:00,20160114,2016,1,14,1,Thursday
2015-11-20 02:10:00,20151120,2015,11,20,4,Friday
2016-01-23 22:45:00,20160123,2016,1,23,1,Saturday
2016-03-06 11:18:00,20160306,2016,3,6,1,Sunday
2015-12-07 03:22:00,20151207,2015,12,7,4,Monday
2016-07-04 13:56:00,20160704,2016,7,4,3,Monday
2016-05-25 13:39:00,20160525,2016,5,25,2,Wednesday
2016-08-18 05:17:00,20160818,2016,8,18,3,Thursday
2016-07-31 18:59:00,20160731,2016,7,31,3,Sunday
2016-05-15 10:51:00,20160515,2016,5,15,2,Sunday
2016-08-23 13:31:00,20160823,2016,8,23,3,Tuesday
2016-06-04 09:46:00,20160604,2016,6,4,2,Saturday
2016-04-20 08:58:00,20160420,2016,4,20,2,Wednesday
2016-05-31 13:59:00,20160531,2016,5,31,2,Tuesday
2016-04-15 20:42:00,20160415,2016,4,15,2,Friday
2016-12-16 17:23:00,20161216,2016,12,16,4,Friday
2016-07-14 16:44:00,20160714,2016,7,14,3,Thursday
2016-12-05 18:59:00,20161205,2016,12,5,4,Monday
2016-08-20 17:54:00,20160820,2016,8,20,3,Saturday
2016-08-06 18:16:00,20160806,2016,8,6,3,Saturday
2016-06-16 17:28:00,20160616,2016,6,16,2,Thursday
2016-07-07 21:28:00,20160707,2016,7,7,3,Thursday
2016-04-27 13:20:00,20160427,2016,4,27,2,Wednesday
2016-06-21 18:20:00,20160621,2016,6,21,2,Tuesday
2016-04-08 06:53:00,20160408,2016,4,8,2,Friday
2016-07-24 11:27:00,20160724,2016,7,24,3,Sunday
2016-08-17 08:16:00,20160817,2016,8,17,3,Wednesday
2016-06-19 01:10:00,20160619,2016,6,19,2,Sunday
2016-06-18 18:52:00,20160618,2016,6,18,2,Saturday
2016-05-29 18:54:00,20160529,2016,5,29,2,Sunday
2016-05-12 14:32:00,20160512,2016,5,12,2,Thursday
2016-06-22 13:15:00,20160622,2016,6,22,2,Wednesday
2016-07-26 19:31:00,20160726,2016,7,26,3,Tuesday
2016-04-16 03:43:00,20160416,2016,4,16,2,Saturday
2016-07-30 13:33:00,20160730,2016,7,30,3,Saturday
2016-04-18 20:32:00,20160418,2016,4,18,2,Monday
2016-04-03 11:58:00,20160403,2016,4,3,2,Sunday
2016-04-11 11:36:00,20160411,2016,4,11,2,Monday
2016-04-19 22:27:00,20160419,2016,4,19,2,Tuesday
2016-04-24 11:03:00,20160424,2016,4,24,2,Sunday
2016-05-27 02:47:00,20160527,2016,5,27,2,Friday
2016-07-23 19:41:00,20160723,2016,7,23,3,Saturday
2016-04-09 03:33:00,20160409,2016,4,9,2,Saturday
2016-06-24 19:12:00,20160624,2016,6,24,2,Friday
2016-06-14 12:34:00,20160614,2016,6,14,2,Tuesday
2016-11-09 16:55:00,20161109,2016,11,9,4,Wednesday
2015-09-10 05:15:00,20150910,2015,9,10,3,Thursday
2017-09-10 16:19:00,20170910,2017,9,10,3,Sunday
2017-07-04 10:48:00,20170704,2017,7,4,3,Tuesday
2017-08-14 05:19:00,20170814,2017,8,14,3,Monday
2016-11-10 02:43:00,20161110,2016,11,10,4,Thursday
2017-08-22 13:42:00,20170822,2017,8,22,3,Tuesday
2015-07-16 17:56:00,20150716,2015,7,16,3,Thursday
2015-09-01 12:05:00,20150901,2015,9,1,3,Tuesday
2015-10-06 04:09:00,20151006,2015,10,6,4,Tuesday
2015-07-15 18:49:00,20150715,2015,7,15,3,Wednesday
2015-08-21 12:17:00,20150821,2015,8,21,3,Friday
2015-06-06 03:17:00,20150606,2015,6,6,2,Saturday
2015-06-25 11:50:00,20150625,2015,6,25,2,Thursday
2017-11-22 21:17:00,20171122,2017,11,22,4,Wednesday
2016-11-04 23:03:00,20161104,2016,11,4,4,Friday
2017-12-23 00:45:00,20171223,2017,12,23,4,Saturday
2016-01-29 18:32:00,20160129,2016,1,29,1,Friday
2016-01-20 20:07:00,20160120,2016,1,20,1,Wednesday
2017-12-30 08:16:00,20171230,2017,12,30,4,Saturday
2017-12-21 23:10:00,20171221,2017,12,21,4,Thursday
2016-03-07 21:17:00,20160307,2016,3,7,1,Monday
2016-01-11 08:03:00,20160111,2016,1,11,1,Monday
2016-01-06 18:45:00,20160106,2016,1,6,1,Wednesday
2018-01-29 13:50:00,20180129,2018,1,29,1,Monday
2017-12-18 04:05:00,20171218,2017,12,18,4,Monday
2017-12-28 11:05:00,20171228,2017,12,28,4,Thursday
2016-01-12 12:47:00,20160112,2016,1,12,1,Tuesday
2016-12-20 15:17:00,20161220,2016,12,20,4,Tuesday
2016-01-04 04:23:00,20160104,2016,1,4,1,Monday
2016-01-26 00:51:00,20160126,2016,1,26,1,Tuesday
2016-02-27 17:16:00,20160227,2016,2,27,1,Saturday
2016-03-02 16:34:00,20160302,2016,3,2,1,Wednesday
2016-01-05 09:28:00,20160105,2016,1,5,1,Tuesday
2017-11-16 19:33:00,20171116,2017,11,16,4,Thursday
2016-02-15 23:36:00,20160215,2016,2,15,1,Monday
2017-11-15 11:19:00,20171115,2017,11,15,4,Wednesday
2017-11-14 09:44:00,20171114,2017,11,14,4,Tuesday
2017-11-18 13:56:00,20171118,2017,11,18,4,Saturday
2017-11-17 19:01:00,20171117,2017,11,17,4,Friday
2018-01-01 08:37:00,20180101,2018,1,1,1,Monday
2015-10-29 23:55:00,20151029,2015,10,29,4,Thursday
2018-01-02 06:41:00,20180102,2018,1,2,1,Tuesday
2015-12-10 12:18:00,20151210,2015,12,10,4,Thursday
2016-03-04 09:33:00,20160304,2016,3,4,1,Friday
2015-11-10 14:27:00,20151110,2015,11,10,4,Tuesday
2016-01-19 19:15:00,20160119,2016,1,19,1,Tuesday
2016-02-28 03:26:00,20160228,2016,2,28,1,Sunday
2016-06-17 11:41:00,20160617,2016,6,17,2,Friday
2016-05-19 17:30:00,20160519,2016,5,19,2,Thursday
2016-07-22 13:34:00,20160722,2016,7,22,3,Friday
2016-04-26 19:07:00,20160426,2016,4,26,2,Tuesday
2016-05-10 17:42:00,20160510,2016,5,10,2,Tuesday
2016-06-27 08:52:00,20160627,2016,6,27,2,Monday
2016-08-15 07:55:00,20160815,2016,8,15,3,Monday
2016-07-16 10:46:00,20160716,2016,7,16,3,Saturday
2016-05-04 13:09:00,20160504,2016,5,4,2,Wednesday
2016-05-23 15:24:00,20160523,2016,5,23,2,Monday
2016-06-30 23:24:00,20160630,2016,6,30,2,Thursday
2016-06-02 22:02:00,20160602,2016,6,2,2,Thursday
2016-05-24 21:53:00,20160524,2016,5,24,2,Tuesday
2016-07-19 21:27:00,20160719,2016,7,19,3,Tuesday
2016-05-28 19:25:00,20160528,2016,5,28,2,Saturday
2016-05-21 02:47:00,20160521,2016,5,21,2,Saturday
2016-07-13 00:26:00,20160713,2016,7,13,3,Wednesday
2016-06-07 13:48:00,20160607,2016,6,7,2,Tuesday
2016-07-08 18:08:00,20160708,2016,7,8,3,Friday
2016-08-07 19:51:00,20160807,2016,8,7,3,Sunday
2016-04-14 19:08:00,20160414,2016,4,14,2,Thursday
2016-07-29 22:29:00,20160729,2016,7,29,3,Friday
2016-07-10 13:56:00,20160710,2016,7,10,3,Sunday
2016-04-04 11:05:00,20160404,2016,4,4,2,Monday
2016-05-07 13:40:00,20160507,2016,5,7,2,Saturday
2016-07-21 08:08:00,20160721,2016,7,21,3,Thursday
2016-06-20 13:15:00,20160620,2016,6,20,2,Monday
2016-04-22 06:09:00,20160422,2016,4,22,2,Friday
2016-06-10 20:38:00,20160610,2016,6,10,2,Friday
2016-05-09 14:22:00,20160509,2016,5,9,2,Monday
2016-04-05 23:31:00,20160405,2016,4,5,2,Tuesday
2016-06-03 07:51:00,20160603,2016,6,3,2,Friday
2016-07-28 01:59:00,20160728,2016,7,28,3,Thursday
2016-06-25 17:17:00,20160625,2016,6,25,2,Saturday
2016-08-04 04:16:00,20160804,2016,8,4,3,Thursday
2016-06-09 23:57:00,20160609,2016,6,9,2,Thursday
2016-05-30 05:24:00,20160530,2016,5,30,2,Monday
2016-06-12 17:49:00,20160612,2016,6,12,2,Sunday
2016-04-28 11:24:00,20160428,2016,4,28,2,Thursday
2016-08-12 21:46:00,20160812,2016,8,12,3,Friday
2016-06-06 22:02:00,20160606,2016,6,6,2,Monday
2016-09-21 23:28:00,20160921,2016,9,21,3,Wednesday
2016-12-01 22:29:00,20161201,2016,12,1,4,Thursday
2017-09-26 10:41:00,20170926,2017,9,26,3,Tuesday
2015-07-19 12:30:00,20150719,2015,7,19,3,Sunday
2016-10-01 06:38:00,20161001,2016,10,1,4,Saturday
2017-12-02 23:44:00,20171202,2017,12,2,4,Saturday
2017-04-17 14:25:00,20170417,2017,4,17,2,Monday
2017-04-05 12:20:00,20170405,2017,4,5,2,Wednesday
2017-03-22 02:53:00,20170322,2017,3,22,1,Wednesday
2017-03-20 09:12:00,20170320,2017,3,20,1,Monday
2017-03-12 20:04:00,20170312,2017,3,12,1,Sunday
2017-03-09 23:03:00,20170309,2017,3,9,1,Thursday
2017-02-22 12:44:00,20170222,2017,2,22,1,Wednesday
2017-02-10 05:45:00,20170210,2017,2,10,1,Friday
2017-02-08 16:15:00,20170208,2017,2,8,1,Wednesday
2017-01-30 07:20:00,20170130,2017,1,30,1,Monday
2017-01-11 17:42:00,20170111,2017,1,11,1,Wednesday
2016-10-12 13:27:00,20161012,2016,10,12,4,Wednesday
2016-09-13 09:27:00,20160913,2016,9,13,3,Tuesday
2016-09-08 03:41:00,20160908,2016,9,8,3,Thursday
2016-08-21 08:37:00,20160821,2016,8,21,3,Sunday
2016-08-19 22:38:00,20160819,2016,8,19,3,Friday
2016-08-10 22:49:00,20160810,2016,8,10,3,Wednesday
2016-08-09 03:02:00,20160809,2016,8,9,3,Tuesday
2016-08-03 11:48:00,20160803,2016,8,3,3,Wednesday
2016-08-02 18:38:00,20160802,2016,8,2,3,Tuesday
2016-08-01 03:23:00,20160801,2016,8,1,3,Monday
2016-07-20 00:36:00,20160720,2016,7,20,3,Wednesday
2016-07-15 12:00:00,20160715,2016,7,15,3,Friday
2016-07-12 10:25:00,20160712,2016,7,12,3,Tuesday
2016-07-09 00:48:00,20160709,2016,7,9,3,Saturday
2016-07-02 08:20:00,20160702,2016,7,2,3,Saturday
2016-06-15 12:23:00,20160615,2016,6,15,2,Wednesday
2016-06-05 19:03:00,20160605,2016,6,5,2,Sunday
2016-05-13 22:46:00,20160513,2016,5,13,2,Friday
2016-05-11 03:30:00,20160511,2016,5,11,2,Wednesday
2016-05-02 17:00:00,20160502,2016,5,2,2,Monday
2016-04-30 04:24:00,20160430,2016,4,30,2,Saturday
2016-04-12 13:11:00,20160412,2016,4,12,2,Tuesday
2016-01-24 06:27:00,20160124,2016,1,24,1,Sunday
2016-01-17 06:17:00,20160117,2016,1,17,1,Sunday
2016-01-15 19:36:00,20160115,2016,1,15,1,Friday
2015-12-03 03:23:00,20151203,2015,12,3,4,Thursday
2015-11-05 08:40:00,20151105,2015,11,5,4,Thursday
2015-11-04 12:21:00,20151104,2015,11,4,4,Wednesday
2015-11-01 12:53:00,20151101,2015,11,1,4,Sunday
2015-10-26 03:47:00,20151026,2015,10,26,4,Monday
2015-05-20 13:59:00,20150520,2015,5,20,2,Wednesday
2015-05-19 12:46:00,20150519,2015,5,19,2,Tuesday
2015-05-12 20:18:00,20150512,2015,5,12,2,Tuesday
2015-05-11 21:32:00,20150511,2015,5,11,2,Monday
2015-05-09 19:47:00,20150509,2015,5,9,2,Saturday
2015-05-02 10:09:00,20150502,2015,5,2,2,Saturday
2015-04-21 05:27:00,20150421,2015,4,21,2,Tuesday
2015-04-18 02:49:00,20150418,2015,4,18,2,Saturday
2015-03-23 04:15:00,20150323,2015,3,23,1,Monday
2015-03-16 13:33:00,20150316,2015,3,16,1,Monday
2015-03-12 10:03:00,20150312,2015,3,12,1,Thursday
2015-03-08 14:37:00,20150308,2015,3,8,1,Sunday
2015-02-26 18:08:00,20150226,2015,2,26,1,Thursday
2015-02-24 16:23:00,20150224,2015,2,24,1,Tuesday
2015-02-19 18:40:00,20150219,2015,2,19,1,Thursday
2015-02-17 18:40:00,20150217,2015,2,17,1,Tuesday
2015-02-14 04:08:00,20150214,2015,2,14,1,Saturday
2015-02-13 14:28:00,20150213,2015,2,13,1,Friday
2015-02-11 18:41:00,20150211,2015,2,11,1,Wednesday
2015-02-10 14:39:00,20150210,2015,2,10,1,Tuesday
2015-02-09 13:05:00,20150209,2015,2,9,1,Monday
2015-02-08 13:36:00,20150208,2015,2,8,1,Sunday
2015-01-23 10:49:00,20150123,2015,1,23,1,Friday
2015-01-08 09:37:00,20150108,2015,1,8,1,Thursday
2015-01-04 00:10:00,20150104,2015,1,4,1,Sunday
2015-01-03 22:25:00,20150103,2015,1,3,1,Saturday
2015-01-02 16:38:00,20150102,2015,1,2,1,Friday
2017-04-22 22:38:00,20170422,2017,4,22,2,Saturday
2017-04-08 23:00:00,20170408,2017,4,8,2,Saturday
2017-03-10 00:48:00,20170310,2017,3,10,1,Friday
2017-03-02 08:52:00,20170302,2017,3,2,1,Thursday
2017-02-26 02:34:00,20170226,2017,2,26,1,Sunday
2017-01-10 11:34:00,20170110,2017,1,10,1,Tuesday
2017-09-12 13:09:00,20170912,2017,9,12,3,Tuesday
2017-07-12 17:27:00,20170712,2017,7,12,3,Wednesday
2015-04-15 03:42:00,20150415,2015,4,15,2,Wednesday
2015-05-05 00:10:00,20150505,2015,5,5,2,Tuesday
2015-04-20 13:41:00,20150420,2015,4,20,2,Monday
2015-01-20 02:57:00,20150120,2015,1,20,1,Tuesday
2015-02-16 11:50:00,20150216,2015,2,16,1,Monday
2017-02-11 09:25:00,20170211,2017,2,11,1,Saturday
2017-04-23 22:07:00,20170423,2017,4,23,2,Sunday
2017-03-29 08:18:00,20170329,2017,3,29,1,Wednesday
2017-06-09 01:33:00,20170609,2017,6,9,2,Friday
2017-01-26 14:00:00,20170126,2017,1,26,1,Thursday
2017-01-22 23:07:00,20170122,2017,1,22,1,Sunday
2017-04-29 03:53:00,20170429,2017,4,29,2,Saturday
2015-05-01 18:03:00,20150501,2015,5,1,2,Friday
2015-01-10 00:09:00,20150110,2015,1,10,1,Saturday
2015-04-12 03:11:00,20150412,2015,4,12,2,Sunday
2017-04-10 06:53:00,20170410,2017,4,10,2,Monday
2017-05-17 02:06:00,20170517,2017,5,17,2,Wednesday
2017-04-16 11:47:00,20170416,2017,4,16,2,Sunday
2017-02-23 03:06:00,20170223,2017,2,23,1,Thursday
2017-06-16 23:05:00,20170616,2017,6,16,2,Friday
2017-05-26 08:35:00,20170526,2017,5,26,2,Friday
2015-03-11 01:28:00,20150311,2015,3,11,1,Wednesday
2015-01-01 19:58:00,20150101,2015,1,1,1,Thursday
2015-05-15 00:30:00,20150515,2015,5,15,2,Friday
2015-05-24 02:25:00,20150524,2015,5,24,2,Sunday
2015-04-14 22:06:00,20150414,2015,4,14,2,Tuesday
2017-01-28 03:08:00,20170128,2017,1,28,1,Saturday
2017-05-06 07:54:00,20170506,2017,5,6,2,Saturday
2017-06-08 13:17:00,20170608,2017,6,8,2,Thursday
2015-03-27 11:37:00,20150327,2015,3,27,1,Friday
2015-04-16 10:53:00,20150416,2015,4,16,2,Thursday
2017-03-17 15:20:00,20170317,2017,3,17,1,Friday
2015-04-23 05:47:00,20150423,2015,4,23,2,Thursday
2015-01-28 13:06:00,20150128,2015,1,28,1,Wednesday
2017-01-21 07:10:00,20170121,2017,1,21,1,Saturday
2015-01-12 15:34:00,20150112,2015,1,12,1,Monday
2017-02-27 09:03:00,20170227,2017,2,27,1,Monday
2017-05-28 07:10:00,20170528,2017,5,28,2,Sunday
2018-01-07 21:13:00,20180107,2018,1,7,1,Sunday
2018-01-09 08:15:00,20180109,2018,1,9,1,Tuesday
2017-11-30 09:22:00,20171130,2017,11,30,4,Thursday
2017-11-19 22:10:00,20171119,2017,11,19,4,Sunday
2017-11-20 07:38:00,20171120,2017,11,20,4,Monday
2015-12-27 19:06:00,20151227,2015,12,27,4,Sunday
2016-03-29 05:29:00,20160329,2016,3,29,1,Tuesday
2017-01-01 00:54:00,20170101,2017,1,1,1,Sunday
2015-04-13 05:48:00,20150413,2015,4,13,2,Monday
2015-04-08 03:53:00,20150408,2015,4,8,2,Wednesday
2017-05-08 18:46:00,20170508,2017,5,8,2,Monday
2017-05-20 16:18:00,20170520,2017,5,20,2,Saturday
2017-06-11 01:12:00,20170611,2017,6,11,2,Sunday
2017-06-17 11:42:00,20170617,2017,6,17,2,Saturday
2015-01-19 19:56:00,20150119,2015,1,19,1,Monday
2017-05-19 10:31:00,20170519,2017,5,19,2,Friday
2017-01-23 09:58:00,20170123,2017,1,23,1,Monday
2015-04-17 13:51:00,20150417,2015,4,17,2,Friday
2017-06-10 02:46:00,20170610,2017,6,10,2,Saturday
2017-05-04 03:21:00,20170504,2017,5,4,2,Thursday
2017-05-03 15:26:00,20170503,2017,5,3,2,Wednesday
2015-01-25 13:37:00,20150125,2015,1,25,1,Sunday
2017-03-24 10:56:00,20170324,2017,3,24,1,Friday
2017-06-02 19:36:00,20170602,2017,6,2,2,Friday
2017-02-25 14:18:00,20170225,2017,2,25,1,Saturday
2015-04-05 06:52:00,20150405,2015,4,5,2,Sunday
2015-03-24 04:47:00,20150324,2015,3,24,1,Tuesday
2015-05-26 03:28:00,20150526,2015,5,26,2,Tuesday
2015-03-09 07:05:00,20150309,2015,3,9,1,Monday
2015-01-05 12:36:00,20150105,2015,1,5,1,Monday
2017-04-28 23:20:00,20170428,2017,4,28,2,Friday
2017-02-28 15:32:00,20170228,2017,2,28,1,Tuesday
2017-12-24 00:55:00,20171224,2017,12,24,4,Sunday
2017-12-01 20:03:00,20171201,2017,12,1,4,Friday
2018-01-03 13:31:00,20180103,2018,1,3,1,Wednesday
2017-12-15 18:38:00,20171215,2017,12,15,4,Friday
2015-12-24 10:53:00,20151224,2015,12,24,4,Thursday
2015-12-17 11:25:00,20151217,2015,12,17,4,Thursday
2015-11-26 15:07:00,20151126,2015,11,26,4,Thursday
2017-12-12 18:27:00,20171212,2017,12,12,4,Tuesday
2018-01-04 14:24:00,20180104,2018,1,4,1,Thursday
2017-12-29 00:02:00,20171229,2017,12,29,4,Friday
2017-10-09 09:26:00,20171009,2017,10,9,4,Monday
2015-05-18 19:57:00,20150518,2015,5,18,2,Monday
2015-04-22 15:47:00,20150422,2015,4,22,2,Wednesday
2017-06-13 19:25:00,20170613,2017,6,13,2,Tuesday
2017-03-08 03:15:00,20170308,2017,3,8,1,Wednesday
2017-03-15 05:31:00,20170315,2017,3,15,1,Wednesday
2015-01-07 10:51:00,20150107,2015,1,7,1,Wednesday
2017-12-20 05:50:00,20171220,2017,12,20,4,Wednesday
2017-11-26 02:43:00,20171126,2017,11,26,4,Sunday
2016-05-01 15:05:00,20160501,2016,5,1,2,Sunday
2015-04-04 01:47:00,20150404,2015,4,4,2,Saturday
2017-05-13 10:52:00,20170513,2017,5,13,2,Saturday
2017-05-25 05:36:00,20170525,2017,5,25,2,Thursday
2016-11-01 06:46:00,20161101,2016,11,1,4,Tuesday
2017-11-13 19:01:00,20171113,2017,11,13,4,Monday
2017-12-16 20:33:00,20171216,2017,12,16,4,Saturday
2018-01-25 18:03:00,20180125,2018,1,25,1,Thursday
2016-08-22 01:47:00,20160822,2016,8,22,3,Monday
2017-04-21 00:02:00,20170421,2017,4,21,2,Friday
2016-02-01 20:28:00,20160201,2016,2,1,1,Monday
2015-12-04 00:24:00,20151204,2015,12,4,4,Friday
2016-03-05 04:28:00,20160305,2016,3,5,1,Saturday
2016-09-12 07:53:00,20160912,2016,9,12,3,Monday
2016-01-08 05:47:00,20160108,2016,1,8,1,Friday
2015-12-22 02:49:00,20151222,2015,12,22,4,Tuesday
2016-03-08 11:18:00,20160308,2016,3,8,1,Tuesday
2017-12-17 05:40:00,20171217,2017,12,17,4,Sunday
2017-12-31 09:51:00,20171231,2017,12,31,4,Sunday
2018-01-21 07:32:00,20180121,2018,1,21,1,Sunday
2017-11-12 00:59:00,20171112,2017,11,12,4,Sunday
2018-01-19 23:39:00,20180119,2018,1,19,1,Friday
2017-11-27 07:26:00,20171127,2017,11,27,4,Monday
2018-01-05 13:10:00,20180105,2018,1,5,1,Friday
2017-12-09 20:23:00,20171209,2017,12,9,4,Saturday
2017-12-11 16:32:00,20171211,2017,12,11,4,Monday
2018-01-23 08:56:00,20180123,2018,1,23,1,Tuesday
2017-11-25 04:17:00,20171125,2017,11,25,4,Saturday
2017-11-28 07:58:00,20171128,2017,11,28,4,Tuesday
2017-11-11 05:01:00,20171111,2017,11,11,4,Saturday
2018-01-24 09:07:00,20180124,2018,1,24,1,Wednesday
2018-01-20 03:52:00,20180120,2018,1,20,1,Saturday
2018-01-18 05:58:00,20180118,2018,1,18,1,Thursday
2018-01-22 22:47:00,20180122,2018,1,22,1,Monday
2017-12-08 20:34:00,20171208,2017,12,8,4,Friday
2017-12-10 16:42:00,20171210,2017,12,10,4,Sunday
2018-01-08 22:06:00,20180108,2018,1,8,1,Monday
2017-11-29 12:21:00,20171129,2017,11,29,4,Wednesday
2016-09-24 20:29:00,20160924,2016,9,24,3,Saturday
2016-08-11 14:14:00,20160811,2016,8,11,3,Thursday
2016-09-11 20:40:00,20160911,2016,9,11,3,Sunday
2017-05-29 12:57:00,20170529,2017,5,29,2,Monday
2015-02-27 15:30:00,20150227,2015,2,27,1,Friday
2015-05-23 05:45:00,20150523,2015,5,23,2,Saturday
2015-01-31 08:21:00,20150131,2015,1,31,1,Saturday
2015-03-31 01:27:00,20150331,2015,3,31,1,Tuesday
2015-01-22 15:33:00,20150122,2015,1,22,1,Thursday
2015-03-03 04:38:00,20150303,2015,3,3,1,Tuesday
2015-03-19 04:37:00,20150319,2015,3,19,1,Thursday
2017-05-11 11:34:00,20170511,2017,5,11,2,Thursday
2015-02-06 04:51:00,20150206,2015,2,6,1,Friday
2015-01-13 21:21:00,20150113,2015,1,13,1,Tuesday
2017-01-29 02:37:00,20170129,2017,1,29,1,Sunday
2015-02-01 16:14:00,20150201,2015,2,1,1,Sunday
2017-04-18 03:22:00,20170418,2017,4,18,2,Tuesday
2015-02-07 23:14:00,20150207,2015,2,7,1,Saturday
2015-04-24 04:34:00,20150424,2015,4,24,2,Friday
2015-05-21 14:31:00,20150521,2015,5,21,2,Thursday
2015-03-01 20:45:00,20150301,2015,3,1,1,Sunday
2017-03-11 23:45:00,20170311,2017,3,11,1,Saturday
2015-04-28 11:34:00,20150428,2015,4,28,2,Tuesday
2017-02-14 10:39:00,20170214,2017,2,14,1,Tuesday
2015-05-25 22:55:00,20150525,2015,5,25,2,Monday
2015-03-30 10:23:00,20150330,2015,3,30,1,Monday
2017-05-23 19:58:00,20170523,2017,5,23,2,Tuesday
2015-02-23 15:30:00,20150223,2015,2,23,1,Monday
2017-05-24 13:50:00,20170524,2017,5,24,2,Wednesday
2017-05-12 07:12:00,20170512,2017,5,12,2,Friday
2015-01-29 10:07:00,20150129,2015,1,29,1,Thursday
2017-04-09 21:26:00,20170409,2017,4,9,2,Sunday
2015-03-18 03:02:00,20150318,2015,3,18,1,Wednesday
2015-04-11 18:25:00,20150411,2015,4,11,2,Saturday
2017-05-21 06:18:00,20170521,2017,5,21,2,Sunday
2017-03-14 23:55:00,20170314,2017,3,14,1,Tuesday
2015-03-26 08:59:00,20150326,2015,3,26,1,Thursday
2015-02-18 05:11:00,20150218,2015,2,18,1,Wednesday
2015-11-14 06:02:00,20151114,2015,11,14,4,Saturday
2017-09-28 13:50:00,20170928,2017,9,28,3,Thursday
2017-05-10 18:03:00,20170510,2017,5,10,2,Wednesday
2017-01-19 16:38:00,20170119,2017,1,19,1,Thursday
2015-03-05 13:02:00,20150305,2015,3,5,1,Thursday
2015-04-07 19:08:00,20150407,2015,4,7,2,Tuesday
2017-06-05 14:31:00,20170605,2017,6,5,2,Monday
2016-05-16 13:50:00,20160516,2016,5,16,2,Monday
2016-08-13 05:07:00,20160813,2016,8,13,3,Saturday
2016-05-17 08:03:00,20160517,2016,5,17,2,Tuesday
2016-09-25 18:12:00,20160925,2016,9,25,3,Sunday
2016-06-29 12:22:00,20160629,2016,6,29,2,Wednesday
2016-05-03 23:50:00,20160503,2016,5,3,2,Tuesday
2016-04-25 06:20:00,20160425,2016,4,25,2,Monday
2017-03-04 17:38:00,20170304,2017,3,4,1,Saturday
2017-02-12 16:57:00,20170212,2017,2,12,1,Sunday
2017-10-15 16:47:00,20171015,2017,10,15,4,Sunday
2017-10-28 03:38:00,20171028,2017,10,28,4,Saturday
2017-10-21 10:49:00,20171021,2017,10,21,4,Saturday
2017-06-20 12:13:00,20170620,2017,6,20,2,Tuesday
2017-07-09 07:49:00,20170709,2017,7,9,3,Sunday
2017-09-30 21:53:00,20170930,2017,9,30,3,Saturday
2015-03-14 18:28:00,20150314,2015,3,14,1,Saturday
2017-12-25 04:15:00,20171225,2017,12,25,4,Monday
2017-11-21 00:27:00,20171121,2017,11,21,4,Tuesday
2018-01-06 01:47:00,20180106,2018,1,6,1,Saturday
2016-04-23 15:26:00,20160423,2016,4,23,2,Saturday
2016-06-01 13:06:00,20160601,2016,6,1,2,Wednesday
2016-05-26 05:03:00,20160526,2016,5,26,2,Thursday
2016-06-23 02:55:00,20160623,2016,6,23,2,Thursday
2017-07-07 22:11:00,20170707,2017,7,7,3,Friday
2017-01-13 03:41:00,20170113,2017,1,13,1,Friday
2016-09-22 11:01:00,20160922,2016,9,22,3,Thursday
2016-04-29 16:50:00,20160429,2016,4,29,2,Friday
2016-05-14 19:26:00,20160514,2016,5,14,2,Saturday
2016-04-06 08:38:00,20160406,2016,4,6,2,Wednesday
2016-05-06 23:39:00,20160506,2016,5,6,2,Friday
2016-08-05 18:48:00,20160805,2016,8,5,3,Friday
2016-12-21 21:03:00,20161221,2016,12,21,4,Wednesday
2016-04-17 20:00:00,20160417,2016,4,17,2,Sunday
2017-08-16 05:40:00,20170816,2017,8,16,3,Wednesday
2016-06-08 19:14:00,20160608,2016,6,8,2,Wednesday
2016-07-11 10:36:00,20160711,2016,7,11,3,Monday
2017-10-31 12:55:00,20171031,2017,10,31,4,Tuesday
2015-07-08 13:45:00,20150708,2015,7,8,3,Wednesday
2016-07-18 08:19:00,20160718,2016,7,18,3,Monday
2016-09-04 08:57:00,20160904,2016,9,4,3,Sunday
2015-09-28 16:26:00,20150928,2015,9,28,3,Monday
2015-07-09 18:07:00,20150709,2015,7,9,3,Thursday
2016-02-21 19:44:00,20160221,2016,2,21,1,Sunday
2017-10-18 07:09:00,20171018,2017,10,18,4,Wednesday
2017-10-07 15:24:00,20171007,2017,10,7,4,Saturday
2016-03-20 12:20:00,20160320,2016,3,20,1,Sunday
2017-01-04 10:32:00,20170104,2017,1,4,1,Wednesday
2017-10-23 23:26:00,20171023,2017,10,23,4,Monday
2017-08-23 09:41:00,20170823,2017,8,23,3,Wednesday
2015-09-15 02:16:00,20150915,2015,9,15,3,Tuesday
2018-01-17 14:12:00,20180117,2018,1,17,1,Wednesday
2018-01-16 23:50:00,20180116,2018,1,16,1,Tuesday
2018-01-15 23:40:00,20180115,2018,1,15,1,Monday
2018-01-14 23:50:00,20180114,2018,1,14,1,Sunday
2017-12-07 23:54:00,20171207,2017,12,7,4,Thursday
2017-12-06 23:43:00,20171206,2017,12,6,4,Wednesday
2017-12-05 23:54:00,20171205,2017,12,5,4,Tuesday
2018-02-03 22:56:00,20180203,2018,2,3,1,Saturday
2018-02-02 02:38:00,20180202,2018,2,2,1,Friday
2018-02-05 11:23:00,20180205,2018,2,5,1,Monday
2018-02-01 15:04:00,20180201,2018,2,1,1,Thursday
2018-02-04 05:46:00,20180204,2018,2,4,1,Sunday
2018-02-06 04:43:00,20180206,2018,2,6,1,Tuesday
